size,EPG_3,iteration
5,0,4
10,0,16
20,0.45,37
30,0.533333333,44
40,0.675,23
50,0.84,12
60,0.883333333,8
70,0.957142857,8
80,0.9375,13
90,0.888888889,15
100,0.82,25
110,0.836363636,8
120,0.825,10
130,0.815384615,12
140,0.785714286,13
150,0.8,10
160,0.85,12
170,0.776470588,12
180,0.833333333,12
190,0.826315789,16
200,0.82,15
250,0.828,12
300,0.83,12
400,0.8475,12
500,0.85,12
600,0.875,13
700,0.864285714,13
800,0.88125,12
900,0.898888889,12
1000,0.902,12
